adapter,case_id,confidence,expected,label,latency_ms,model_name,ok,pair,requested_model,returned_model,text,wall_ms,warmup
openrouter-decisions,synthetic-warmup,1.0,activate_my_card,activate_my_card,510.082878,openrouter-jev,True,-1,typesafe/jev-1.13,typesafe/jev-1.13-20260917,How can I activate my new card?,649.467333,True
openrouter-decisions,banking77-test-1474,0.98,atm_support,atm_support,396.983506,openrouter-jev,True,0,typesafe/jev-1.13,typesafe/jev-1.13-20260917,Where can I find an ATM to use this card?,533.378371,False
openrouter-decisions,banking77-test-0746,1.0,top_up_limits,top_up_limits,458.245728,openrouter-jev,True,1,typesafe/jev-1.13,typesafe/jev-1.13-20260917,Is there a maximum amount of top-ups?,580.391725,False
openrouter-decisions,banking77-test-2372,0.97,verify_top_up,verify_top_up,420.376069,openrouter-jev,True,2,typesafe/jev-1.13,typesafe/jev-1.13-20260917,How do I get my top-up verification code?,541.277828,False
openrouter-decisions,banking77-test-0174,0.82,extra_charge_on_statement,extra_charge_on_statement,440.963545,openrouter-jev,True,3,typesafe/jev-1.13,typesafe/jev-1.13-20260917,Where did this fee come from?,577.373915,False
openrouter-decisions,banking77-test-1982,1.0,transaction_charged_twice,transaction_charged_twice,451.348949,openrouter-jev,True,4,typesafe/jev-1.13,typesafe/jev-1.13-20260917,Why am I being charged twice?,562.854397,False
openrouter-decisions,banking77-test-1749,0.88,declined_transfer,declined_transfer,320.890183,openrouter-jev,True,5,typesafe/jev-1.13,typesafe/jev-1.13-20260917,"I tried to make a transfer, but it was declined. Can you tell me why?",462.499907,False
openrouter-decisions,banking77-test-0388,0.93,card_not_working,card_not_working,350.793007,openrouter-jev,True,6,typesafe/jev-1.13,typesafe/jev-1.13-20260917,I can't use my card.,482.363809,False
openrouter-decisions,banking77-test-0321,1.0,automatic_top_up,automatic_top_up,375.787289,openrouter-jev,True,7,typesafe/jev-1.13,typesafe/jev-1.13-20260917,"When traveling, can I auto top-up my card at certain times?",502.214555,False
openrouter-decisions,banking77-test-0112,1.0,exchange_rate,exchange_rate,347.992736,openrouter-jev,True,8,typesafe/jev-1.13,typesafe/jev-1.13-20260917,How are you determining your exchange rates?,475.8044,False
openrouter-decisions,banking77-test-2128,1.0,change_pin,change_pin,359.873281,openrouter-jev,True,9,typesafe/jev-1.13,typesafe/jev-1.13-20260917,I would like to change my card PIN.,491.284493,False
openrouter-decisions,banking77-test-1306,0.97,visa_or_mastercard,visa_or_mastercard,334.446588,openrouter-jev,True,10,typesafe/jev-1.13,typesafe/jev-1.13-20260917,We need both a visa and a Mastercard.,453.734511,False
openrouter-decisions,banking77-test-2634,0.99,get_disposable_virtual_card,get_disposable_virtual_card,371.95703,openrouter-jev,True,11,typesafe/jev-1.13,typesafe/jev-1.13-20260917,Will I be able to get a disposable virtual card as well?,490.163164,False
openrouter-decisions,banking77-test-0598,0.93,contactless_not_working,contactless_not_working,373.581662,openrouter-jev,True,12,typesafe/jev-1.13,typesafe/jev-1.13-20260917,Do I need to make a regular payment before a contactless one?,488.779952,False
openrouter-decisions,banking77-test-1071,1.0,balance_not_updated_after_cheque_or_cash_deposit,balance_not_updated_after_cheque_or_cash_deposit,348.706298,openrouter-jev,True,13,typesafe/jev-1.13,typesafe/jev-1.13-20260917,"A cheque deposit hasn't posted to my account, when will my balance update?",463.703254,False
openrouter-decisions,banking77-test-2368,1.0,verify_top_up,verify_top_up,452.274943,openrouter-jev,True,14,typesafe/jev-1.13,typesafe/jev-1.13-20260917,Can I verify a top up?,578.335377,False
openrouter-decisions,banking77-test-2992,0.81,apple_pay_or_google_pay,top_up_failed,337.678211,openrouter-jev,True,15,typesafe/jev-1.13,typesafe/jev-1.13-20260917,"My American Express is in my Apple Pay and the top up is failing, why?",465.057078,False
openrouter-decisions,banking77-test-1801,0.99,declined_card_payment,declined_card_payment,421.182844,openrouter-jev,True,16,typesafe/jev-1.13,typesafe/jev-1.13-20260917,My credit card was declined.,542.227929,False
openrouter-decisions,banking77-test-1160,1.0,edit_personal_details,edit_personal_details,442.987911,openrouter-jev,True,17,typesafe/jev-1.13,typesafe/jev-1.13-20260917,What do I need to do to change the address on my account?,567.317324,False
openrouter-decisions,banking77-test-2919,1.0,cash_withdrawal_charge,cash_withdrawal_charge,406.644613,openrouter-jev,True,18,typesafe/jev-1.13,typesafe/jev-1.13-20260917,"My account got charged for taking out cash, why did this happen?",523.672747,False
openrouter-decisions,banking77-test-0046,0.47,card_linking,card_linking,375.088711,openrouter-jev,True,19,typesafe/jev-1.13,typesafe/jev-1.13-20260917,"I received my new card, but I don't see it in the app anywhere.  What do I do?",486.4513,False
openrouter-decisions,banking77-test-2820,0.99,top_up_by_card_charge,top_up_by_card_charge,328.987822,openrouter-jev,True,20,typesafe/jev-1.13,typesafe/jev-1.13-20260917,Will I be charged if I use European bank card for top up?,462.554366,False
openrouter-decisions,banking77-test-2442,1.0,top_up_by_cash_or_cheque,top_up_by_cash_or_cheque,354.831453,openrouter-jev,True,21,typesafe/jev-1.13,typesafe/jev-1.13-20260917,How do I top-up using cash?,476.313298,False
openrouter-decisions,banking77-test-2018,0.96,verify_source_of_funds,verify_source_of_funds,348.944479,openrouter-jev,True,22,typesafe/jev-1.13,typesafe/jev-1.13-20260917,Help me check where the funds came from.,472.21277,False
openrouter-decisions,banking77-test-3040,0.97,verify_my_identity,verify_my_identity,351.279019,openrouter-jev,True,23,typesafe/jev-1.13,typesafe/jev-1.13-20260917,What do I need to do to verify my identity?,484.002522,False
openrouter-decisions,banking77-test-1460,0.8,atm_support,atm_support,368.392586,openrouter-jev,True,24,typesafe/jev-1.13,typesafe/jev-1.13-20260917,Can I use my card at any ATMs?,485.557473,False
openrouter-decisions,banking77-test-0020,0.91,card_arrival,card_arrival,393.13561,openrouter-jev,True,25,typesafe/jev-1.13,typesafe/jev-1.13-20260917,My card still hasn't arrived after 2 weeks. Is it lost?,524.627408,False
openrouter-decisions,banking77-test-0488,1.0,age_limit,age_limit,379.799012,openrouter-jev,True,26,typesafe/jev-1.13,typesafe/jev-1.13-20260917,What is the youngest age in order to have an account?,497.652844,False
openrouter-decisions,banking77-test-0736,1.0,top_up_limits,top_up_limits,997.136435,openrouter-jev,True,27,typesafe/jev-1.13,typesafe/jev-1.13-20260917,What is the limit to a top-up?,1109.726961,False
openrouter-decisions,banking77-test-2674,1.0,top_up_failed,top_up_failed,387.244773,openrouter-jev,True,28,typesafe/jev-1.13,typesafe/jev-1.13-20260917,My top-up has failed.,506.882276,False
openrouter-decisions,banking77-test-0375,1.0,card_not_working,card_not_working,399.498051,openrouter-jev,True,29,typesafe/jev-1.13,typesafe/jev-1.13-20260917,I think my card is broken,510.909906,False
openrouter-decisions,banking77-test-0995,0.72,card_acceptance,card_acceptance,392.901761,openrouter-jev,True,30,typesafe/jev-1.13,typesafe/jev-1.13-20260917,Can I use my card anywere?,516.258055,False
openrouter-decisions,banking77-test-1038,0.69,top_up_reverted,top_up_reverted,369.011382,openrouter-jev,True,31,typesafe/jev-1.13,typesafe/jev-1.13-20260917,My top-up has been cancelled.,487.955819,False
openrouter-decisions,banking77-test-1336,0.71,topping_up_by_card,topping_up_by_card,330.239419,openrouter-jev,True,32,typesafe/jev-1.13,typesafe/jev-1.13-20260917,How do I transfer money using a credit card?,447.887794,False
openrouter-decisions,banking77-test-0877,0.7,transfer_not_received_by_recipient,transfer_timing,366.605878,openrouter-jev,True,33,typesafe/jev-1.13,typesafe/jev-1.13-20260917,How long until my friend receives my transaction?,505.869525,False
openrouter-decisions,banking77-test-1217,0.93,unable_to_verify_identity,unable_to_verify_identity,400.542327,openrouter-jev,True,34,typesafe/jev-1.13,typesafe/jev-1.13-20260917,I am having trouble proving my identity.,514.736333,False
openrouter-decisions,banking77-test-0164,0.99,extra_charge_on_statement,extra_charge_on_statement,393.354815,openrouter-jev,True,35,typesafe/jev-1.13,typesafe/jev-1.13-20260917,Why is there an extra dollar charged to my account?,523.006494,False
openrouter-decisions,banking77-test-0118,1.0,exchange_rate,exchange_rate,389.967907,openrouter-jev,True,36,typesafe/jev-1.13,typesafe/jev-1.13-20260917,What is my foreign exchange rate?,509.745751,False
openrouter-decisions,banking77-test-2200,0.62,beneficiary_not_allowed,declined_transfer,360.656662,openrouter-jev,True,37,typesafe/jev-1.13,typesafe/jev-1.13-20260917,Why was a transfer to an account not allowed?,469.051716,False
openrouter-decisions,banking77-test-2777,0.59,exchange_charge,exchange_rate,411.943854,openrouter-jev,True,38,typesafe/jev-1.13,typesafe/jev-1.13-20260917,"How much is a cross currency exchange, and can I check to see if I have any discounts available?",536.227151,False
openrouter-decisions,banking77-test-2007,1.0,verify_source_of_funds,verify_source_of_funds,514.784111,openrouter-jev,True,39,typesafe/jev-1.13,typesafe/jev-1.13-20260917,I need to verify my source of funds,632.161542,False
openrouter-decisions,banking77-test-0344,1.0,automatic_top_up,automatic_top_up,414.204529,openrouter-jev,True,40,typesafe/jev-1.13,typesafe/jev-1.13-20260917,Can I have a auto top-up when my account is short?,555.772153,False
openrouter-decisions,banking77-test-1806,1.0,declined_card_payment,declined_card_payment,411.834811,openrouter-jev,True,41,typesafe/jev-1.13,typesafe/jev-1.13-20260917,My card was declined in a shop,543.298075,False
openrouter-decisions,banking77-test-2729,1.0,cash_withdrawal_not_recognised,cash_withdrawal_not_recognised,344.871481,openrouter-jev,True,42,typesafe/jev-1.13,typesafe/jev-1.13-20260917,The app said I withdrew cash at an ATM and I didn't,475.852066,False
openrouter-decisions,banking77-test-1928,1.0,card_swallowed,card_swallowed,348.702196,openrouter-jev,True,43,typesafe/jev-1.13,typesafe/jev-1.13-20260917,I think the atm ate my card.,482.221214,False
openrouter-decisions,banking77-test-2726,0.98,cash_withdrawal_not_recognised,cash_withdrawal_not_recognised,324.578387,openrouter-jev,True,44,typesafe/jev-1.13,typesafe/jev-1.13-20260917,Why is there a random withdrawal in my app?,439.402751,False
openrouter-decisions,banking77-test-1551,0.96,passcode_forgotten,passcode_forgotten,421.396123,openrouter-jev,True,45,typesafe/jev-1.13,typesafe/jev-1.13-20260917,Can you help me reset my password?,504.636997,False
openrouter-decisions,banking77-test-1146,1.0,edit_personal_details,edit_personal_details,356.995975,openrouter-jev,True,46,typesafe/jev-1.13,typesafe/jev-1.13-20260917,I need help changing my last name on my account.,449.639324,False
openrouter-decisions,banking77-test-1069,0.85,balance_not_updated_after_cheque_or_cash_deposit,balance_not_updated_after_cheque_or_cash_deposit,348.333725,openrouter-jev,True,47,typesafe/jev-1.13,typesafe/jev-1.13-20260917,What happened to the cash that I tried to deposit into my account? It's gone!,458.320118,False
openrouter-decisions,banking77-test-2437,0.98,getting_spare_card,getting_spare_card,361.52322,openrouter-jev,True,48,typesafe/jev-1.13,typesafe/jev-1.13-20260917,Is it possible to give a second card for this account to my daughter?,476.569437,False
openrouter-decisions,banking77-test-0731,1.0,top_up_limits,top_up_limits,374.941075,openrouter-jev,True,49,typesafe/jev-1.13,typesafe/jev-1.13-20260917,What is maximum top up?,525.222638,False
openrouter-decisions,banking77-test-2319,0.97,failed_transfer,failed_transfer,322.853205,openrouter-jev,True,50,typesafe/jev-1.13,typesafe/jev-1.13-20260917,Can you provide a reason as to why my transfer did not work?,491.667946,False
openrouter-decisions,banking77-test-2232,0.59,transfer_fee_charged,transfer_fee_charged,396.447893,openrouter-jev,True,51,typesafe/jev-1.13,typesafe/jev-1.13-20260917,In the past month I often used this account to manage payments for my new holiday villa. Now all of a sudden your fees have increased exorbitantly! Don't you have a rewards programme for frequent users?,520.276475,False
openrouter-decisions,banking77-test-1802,0.98,declined_card_payment,declined_card_payment,343.127942,openrouter-jev,True,52,typesafe/jev-1.13,typesafe/jev-1.13-20260917,The new card that was just sent to me was declined multiple times yesterday when I tried to use it at a restaurant to pay for my dinner.  I am really disappointed  and embarrassed that my card was denied when I tried to use it to pay for my friend's birthday dinner.,473.63322,False
openrouter-decisions,banking77-test-2830,0.96,top_up_by_card_charge,topping_up_by_card,344.739778,openrouter-jev,True,53,typesafe/jev-1.13,typesafe/jev-1.13-20260917,Is it okay to use a bank card to top up,485.628614,False
openrouter-decisions,banking77-test-0463,0.95,lost_or_stolen_card,lost_or_stolen_card,420.788557,openrouter-jev,True,54,typesafe/jev-1.13,typesafe/jev-1.13-20260917,I think I lost my card . I dont know how long it has been missing. Can you see if maybe someone else has been using it?,548.982782,False
openrouter-decisions,banking77-test-0560,1.0,pin_blocked,pin_blocked,339.040909,openrouter-jev,True,55,typesafe/jev-1.13,typesafe/jev-1.13-20260917,"
Where can I get my PIN unblocked?",475.92467,False
openrouter-decisions,banking77-test-1997,1.0,transaction_charged_twice,transaction_charged_twice,394.33233,openrouter-jev,True,56,typesafe/jev-1.13,typesafe/jev-1.13-20260917,There is more than one of the same transaction on my account.,521.7255,False
openrouter-decisions,banking77-test-0268,0.48,fiat_currency_support,fiat_currency_support,387.505535,openrouter-jev,True,57,typesafe/jev-1.13,typesafe/jev-1.13-20260917,Which country's currency do you support?,509.046418,False
openrouter-decisions,banking77-test-2013,0.94,verify_source_of_funds,verify_source_of_funds,360.704886,openrouter-jev,True,58,typesafe/jev-1.13,typesafe/jev-1.13-20260917,Can I find the origination of my funds?,489.653224,False
openrouter-decisions,banking77-test-2693,0.67,balance_not_updated_after_bank_transfer,pending_transfer,317.028931,openrouter-jev,True,59,typesafe/jev-1.13,typesafe/jev-1.13-20260917,Hello I made a bank transfer couple hours ago from my UK account but it doesn't show up yet. Can you please check if everything is alright with it?,432.643283,False
openrouter-decisions,banking77-test-2520,0.94,order_physical_card,get_physical_card,362.678841,openrouter-jev,True,60,typesafe/jev-1.13,typesafe/jev-1.13-20260917,Can I get a real card?,482.948112,False
openrouter-decisions,banking77-test-2852,1.0,activate_my_card,activate_my_card,371.018178,openrouter-jev,True,61,typesafe/jev-1.13,typesafe/jev-1.13-20260917,What is the process of card activation?,494.569506,False
openrouter-decisions,banking77-test-0051,1.0,card_linking,card_linking,339.893152,openrouter-jev,True,62,typesafe/jev-1.13,typesafe/jev-1.13-20260917,How do I link a new card?,472.670137,False
openrouter-decisions,banking77-test-2401,0.94,getting_spare_card,getting_spare_card,415.694312,openrouter-jev,True,63,typesafe/jev-1.13,typesafe/jev-1.13-20260917,Would it be possible to get another card?,533.577431,False
openrouter-decisions,banking77-test-0242,0.65,fiat_currency_support,supported_cards_and_currencies,352.818907,openrouter-jev,True,64,typesafe/jev-1.13,typesafe/jev-1.13-20260917,I want to know how many different currencies my money can be in,484.886459,False
openrouter-decisions,banking77-test-2750,0.91,cash_withdrawal_not_recognised,cash_withdrawal_not_recognised,344.130027,openrouter-jev,True,65,typesafe/jev-1.13,typesafe/jev-1.13-20260917,What do I do if I notice a strange withdrawl in my statement?,466.966201,False
openrouter-decisions,banking77-test-1238,0.83,unable_to_verify_identity,unable_to_verify_identity,326.792136,openrouter-jev,True,66,typesafe/jev-1.13,typesafe/jev-1.13-20260917,Why can't I verify my identity?,460.426625,False
openrouter-decisions,banking77-test-2450,1.0,top_up_by_cash_or_cheque,top_up_by_cash_or_cheque,323.156026,openrouter-jev,True,67,typesafe/jev-1.13,typesafe/jev-1.13-20260917,I'd like to use cash to top up. How do I find that option?,435.752333,False
openrouter-decisions,banking77-test-2297,0.93,failed_transfer,failed_transfer,330.607482,openrouter-jev,True,68,typesafe/jev-1.13,typesafe/jev-1.13-20260917,My transfer will not go through.,442.962654,False
openrouter-decisions,banking77-test-1202,0.98,unable_to_verify_identity,unable_to_verify_identity,424.633474,openrouter-jev,True,69,typesafe/jev-1.13,typesafe/jev-1.13-20260917,I do not have what is required to prove my identity,541.665323,False
openrouter-decisions,banking77-test-1886,1.0,terminate_account,terminate_account,356.176043,openrouter-jev,True,70,typesafe/jev-1.13,typesafe/jev-1.13-20260917,I'm tired of all the problems I've had. I want to quit this account!,468.044677,False
openrouter-decisions,banking77-test-2768,1.0,exchange_charge,exchange_charge,337.945884,openrouter-jev,True,71,typesafe/jev-1.13,typesafe/jev-1.13-20260917,Is there a fee for exchanging currencies?,464.914097,False
openrouter-decisions,banking77-test-2317,0.94,failed_transfer,failed_transfer,375.386884,openrouter-jev,True,72,typesafe/jev-1.13,typesafe/jev-1.13-20260917,Why didn't my transfer go through?,490.864137,False
openrouter-decisions,banking77-test-2059,0.93,transfer_timing,transfer_timing,379.506439,openrouter-jev,True,73,typesafe/jev-1.13,typesafe/jev-1.13-20260917,How long is my Europe transfer wait?,502.442241,False
openrouter-decisions,banking77-test-0291,0.95,card_delivery_estimate,card_delivery_estimate,335.278352,openrouter-jev,True,74,typesafe/jev-1.13,typesafe/jev-1.13-20260917,Does delivery to the US take long?,460.982096,False
openrouter-decisions,banking77-test-0643,1.0,pending_top_up,pending_top_up,293.06015,openrouter-jev,True,75,typesafe/jev-1.13,typesafe/jev-1.13-20260917,What would lead to my top up still pending?,408.509125,False
openrouter-decisions,banking77-test-1014,0.52,top_up_reverted,top_up_failed,397.873561,openrouter-jev,True,76,typesafe/jev-1.13,typesafe/jev-1.13-20260917,Why would my top up be cancelled?,506.995427,False
openrouter-decisions,banking77-test-0436,0.69,exchange_via_app,fiat_currency_support,327.275899,openrouter-jev,True,77,typesafe/jev-1.13,typesafe/jev-1.13-20260917,"I think I want AUD and not GBP, can you help?",434.366206,False
openrouter-decisions,banking77-test-2332,1.0,transfer_into_account,transfer_into_account,348.51551,openrouter-jev,True,78,typesafe/jev-1.13,typesafe/jev-1.13-20260917,I would like to transfer some money from my other bank account into this one.,462.736359,False
openrouter-decisions,banking77-test-1337,0.34,topping_up_by_card,receiving_money,357.895671,openrouter-jev,True,79,typesafe/jev-1.13,typesafe/jev-1.13-20260917,Can I give my friends access to my account so they can top it up for me?,480.878482,False
openrouter-decisions,banking77-test-1580,0.82,declined_cash_withdrawal,declined_cash_withdrawal,340.602326,openrouter-jev,True,80,typesafe/jev-1.13,typesafe/jev-1.13-20260917,Why did the ATM machine fail to give me a cash withdrawal?,464.414803,False
openrouter-decisions,banking77-test-0066,1.0,card_linking,card_linking,320.801543,openrouter-jev,True,81,typesafe/jev-1.13,typesafe/jev-1.13-20260917,how do I link an already existing card?,438.59018,False
openrouter-decisions,banking77-test-2046,0.81,transfer_timing,transfer_timing,312.655867,openrouter-jev,True,82,typesafe/jev-1.13,typesafe/jev-1.13-20260917,How long until my transfer goes through?,442.033568,False
openrouter-decisions,banking77-test-0096,1.0,exchange_rate,exchange_rate,752.455872,openrouter-jev,True,83,typesafe/jev-1.13,typesafe/jev-1.13-20260917,Do you have a list of exchange rates?,872.325971,False
openrouter-decisions,banking77-test-1392,0.94,disposable_card_limits,getting_virtual_card,379.808591,openrouter-jev,True,84,typesafe/jev-1.13,typesafe/jev-1.13-20260917,How many virtual cards do I get?,493.141808,False
openrouter-decisions,banking77-test-1073,0.61,balance_not_updated_after_cheque_or_cash_deposit,balance_not_updated_after_cheque_or_cash_deposit,358.463632,openrouter-jev,True,85,typesafe/jev-1.13,typesafe/jev-1.13-20260917,I sent a cheque  a few days ago and nothing has happened to my account yet. Can you please check on this for me?,485.894569,False
openrouter-decisions,banking77-test-0900,0.99,supported_cards_and_currencies,topping_up_by_card,358.231196,openrouter-jev,True,86,typesafe/jev-1.13,typesafe/jev-1.13-20260917,How can I use American Express to add money to my account?,483.68328,False
openrouter-decisions,banking77-test-2345,0.95,transfer_into_account,transfer_into_account,371.595299,openrouter-jev,True,87,typesafe/jev-1.13,typesafe/jev-1.13-20260917,CAN YOU EXPLAIN HOW TO TRANSFER MONEY INTO MY  ACCOUNT FOR ME?,504.268612,False
openrouter-decisions,banking77-test-2191,0.99,beneficiary_not_allowed,failed_transfer,506.419712,openrouter-jev,True,88,typesafe/jev-1.13,typesafe/jev-1.13-20260917,The account transfer I was trying to do failed.,635.21881,False
openrouter-decisions,banking77-test-1574,0.55,declined_cash_withdrawal,declined_cash_withdrawal,743.155302,openrouter-jev,True,89,typesafe/jev-1.13,typesafe/jev-1.13-20260917,I can't get money out of the ATM,865.669446,False
openrouter-decisions,banking77-test-2254,0.31,receiving_money,transfer_into_account,377.288161,openrouter-jev,True,90,typesafe/jev-1.13,typesafe/jev-1.13-20260917,Do I need to establish I am paid in GBP before a transfer?,509.497311,False
openrouter-decisions,banking77-test-2339,0.94,transfer_into_account,topping_up_by_card,322.345774,openrouter-jev,True,91,typesafe/jev-1.13,typesafe/jev-1.13-20260917,How do I top up my card?,457.95923,False
openrouter-decisions,banking77-test-1623,0.88,pending_card_payment,pending_card_payment,403.605085,openrouter-jev,True,92,typesafe/jev-1.13,typesafe/jev-1.13-20260917,How long do card transactions take to clear?,524.145617,False
openrouter-decisions,banking77-test-3058,0.99,country_support,country_support,308.067495,openrouter-jev,True,93,typesafe/jev-1.13,typesafe/jev-1.13-20260917,From what countries can I use this product?,428.294724,False
openrouter-decisions,banking77-test-0308,0.93,card_delivery_estimate,card_delivery_estimate,414.797388,openrouter-jev,True,94,typesafe/jev-1.13,typesafe/jev-1.13-20260917,How long does shipping take to get to a US destination?,575.919601,False
openrouter-decisions,banking77-test-2970,0.92,apple_pay_or_google_pay,apple_pay_or_google_pay,345.011018,openrouter-jev,True,95,typesafe/jev-1.13,typesafe/jev-1.13-20260917,Can I use Apple Pay to top up?,465.582459,False
openrouter-decisions,banking77-test-3077,1.0,country_support,country_support,347.725758,openrouter-jev,True,96,typesafe/jev-1.13,typesafe/jev-1.13-20260917,How many countries do you support?,484.989722,False
openrouter-decisions,banking77-test-0646,1.0,pending_top_up,pending_top_up,407.732515,openrouter-jev,True,97,typesafe/jev-1.13,typesafe/jev-1.13-20260917,The top-up is pending.,537.90139,False
openrouter-decisions,banking77-test-1856,0.48,pending_transfer,pending_transfer,304.56448,openrouter-jev,True,98,typesafe/jev-1.13,typesafe/jev-1.13-20260917,"I transferred money yesterday, but it still isn't available?",427.92551,False
openrouter-decisions,banking77-test-2733,1.0,cash_withdrawal_not_recognised,cash_withdrawal_not_recognised,334.631031,openrouter-jev,True,99,typesafe/jev-1.13,typesafe/jev-1.13-20260917,I checked the app and saw an extra cash withdrawal that I didn't authorize,464.41678,False
openrouter-decisions,banking77-test-2215,0.6,transfer_fee_charged,transfer_not_received_by_recipient,374.403583,openrouter-jev,True,100,typesafe/jev-1.13,typesafe/jev-1.13-20260917,"Hi,  Please help me, as i have transferred some amount but receiver did not get the same amount. He received a bit less. Due to this again i need to transfer the difference.   I have transferred money but beneficiary's account is credited with less amount. Now i have transfer the difference of the amount. I think there is some issue, could you please look into this.",507.562044,False
openrouter-decisions,banking77-test-0870,0.89,transfer_not_received_by_recipient,transfer_timing,376.001409,openrouter-jev,True,101,typesafe/jev-1.13,typesafe/jev-1.13-20260917,How long will it take for my transaction to be completed?,507.637766,False
openrouter-decisions,banking77-test-0505,1.0,age_limit,age_limit,329.066414,openrouter-jev,True,102,typesafe/jev-1.13,typesafe/jev-1.13-20260917,Can my children have their own account?,451.449868,False
openrouter-decisions,banking77-test-1444,1.0,atm_support,atm_support,365.459044,openrouter-jev,True,103,typesafe/jev-1.13,typesafe/jev-1.13-20260917,Is there a list of ATM machines?,493.371994,False
openrouter-decisions,banking77-test-0919,1.0,supported_cards_and_currencies,supported_cards_and_currencies,382.825833,openrouter-jev,True,104,typesafe/jev-1.13,typesafe/jev-1.13-20260917,What currencies or cards do you support for topping up?,498.565921,False
openrouter-decisions,banking77-test-2523,0.98,virtual_card_not_working,virtual_card_not_working,485.416547,openrouter-jev,True,105,typesafe/jev-1.13,typesafe/jev-1.13-20260917,My disposable virtual card is broken.,598.142081,False
openrouter-decisions,banking77-test-0886,0.75,supported_cards_and_currencies,supported_cards_and_currencies,309.669036,openrouter-jev,True,106,typesafe/jev-1.13,typesafe/jev-1.13-20260917,What kind of currencies can I use to add money?,432.292364,False
openrouter-decisions,banking77-test-2476,1.0,top_up_by_cash_or_cheque,top_up_by_cash_or_cheque,395.679367,openrouter-jev,True,107,typesafe/jev-1.13,typesafe/jev-1.13-20260917,"I have a cheque here, can I use it to top off my account?",523.698798,False
openrouter-decisions,banking77-test-0970,0.94,card_acceptance,card_acceptance,371.2696,openrouter-jev,True,108,typesafe/jev-1.13,typesafe/jev-1.13-20260917,Is there anywhere my card will not be accepted?,493.092232,False
openrouter-decisions,banking77-test-2267,0.65,receiving_money,top_up_by_cash_or_cheque,385.784722,openrouter-jev,True,109,typesafe/jev-1.13,typesafe/jev-1.13-20260917,How do I deposit my paycheck to this account?,506.060935,False
openrouter-decisions,banking77-test-2564,0.88,wrong_exchange_rate_for_cash_withdrawal,exchange_rate,323.001133,openrouter-jev,True,110,typesafe/jev-1.13,typesafe/jev-1.13-20260917,Can you look to make sure the exchange rate is correct,446.853676,False
openrouter-decisions,banking77-test-2039,0.81,verify_source_of_funds,verify_source_of_funds,360.400194,openrouter-jev,True,111,typesafe/jev-1.13,typesafe/jev-1.13-20260917,Where does all this money come from though?,477.985198,False
openrouter-decisions,banking77-test-0767,1.0,wrong_amount_of_cash_received,wrong_amount_of_cash_received,296.707996,openrouter-jev,True,112,typesafe/jev-1.13,typesafe/jev-1.13-20260917,I'm at an ATM and withdrew 30 pounds and was only given 10. What should I do?,406.201967,False
openrouter-decisions,banking77-test-1572,0.98,declined_cash_withdrawal,declined_cash_withdrawal,322.122557,openrouter-jev,True,113,typesafe/jev-1.13,typesafe/jev-1.13-20260917,"Hi, I was trying to use my card but it was declining by ATM. I have cross checked with two different ATMs but i was facing the same issue. Could you please check my account.",440.981161,False
openrouter-decisions,banking77-test-1689,1.0,request_refund,request_refund,359.490619,openrouter-jev,True,114,typesafe/jev-1.13,typesafe/jev-1.13-20260917,Can I have a refund?,471.072275,False
openrouter-decisions,banking77-test-0340,0.54,automatic_top_up,automatic_top_up,377.193829,openrouter-jev,True,115,typesafe/jev-1.13,typesafe/jev-1.13-20260917,How do I make sure I don't run out of money on my card while traveling?,492.035171,False
openrouter-decisions,banking77-test-1513,0.67,direct_debit_payment_not_recognised,compromised_card,349.15546,openrouter-jev,True,116,typesafe/jev-1.13,typesafe/jev-1.13-20260917,I am concerned about the security in my account and would like to make a dispute.,478.10085,False
openrouter-decisions,banking77-test-0712,0.98,cancel_transfer,cancel_transfer,339.440741,openrouter-jev,True,117,typesafe/jev-1.13,typesafe/jev-1.13-20260917,I need to make an immediate cancellation related to a transfer. This was a mistake. Please assist quickly so this does not actually go through.,460.594388,False
openrouter-decisions,banking77-test-0601,0.38,top_up_by_bank_transfer_charge,transfer_fee_charged,330.410877,openrouter-jev,True,118,typesafe/jev-1.13,typesafe/jev-1.13-20260917,how much do you charge to accept transfers,458.704279,False
openrouter-decisions,banking77-test-0853,0.63,transfer_not_received_by_recipient,failed_transfer,327.162624,openrouter-jev,True,119,typesafe/jev-1.13,typesafe/jev-1.13-20260917,transaction failed?,449.453668,False
openrouter-decisions,banking77-test-1216,0.85,unable_to_verify_identity,passcode_forgotten,344.397557,openrouter-jev,True,120,typesafe/jev-1.13,typesafe/jev-1.13-20260917,The app will not let me into my account.,456.855049,False
openrouter-decisions,banking77-test-2433,0.82,getting_spare_card,getting_spare_card,367.12678,openrouter-jev,True,121,typesafe/jev-1.13,typesafe/jev-1.13-20260917,Where do I request another card?,480.582077,False
openrouter-decisions,banking77-test-1703,0.56,request_refund,cancel_transfer,353.839133,openrouter-jev,True,122,typesafe/jev-1.13,typesafe/jev-1.13-20260917,How do I cancel a previous purchase,476.047274,False
openrouter-decisions,banking77-test-2251,0.5,receiving_money,receiving_money,447.947258,openrouter-jev,True,123,typesafe/jev-1.13,typesafe/jev-1.13-20260917,My salary is received in the form of GBP. Do I need to do anything specific to configure this?,569.394518,False
openrouter-decisions,banking77-test-1695,1.0,request_refund,request_refund,326.064673,openrouter-jev,True,124,typesafe/jev-1.13,typesafe/jev-1.13-20260917,Can I have an item refunded?,458.196484,False
openrouter-decisions,banking77-test-2486,0.95,order_physical_card,order_physical_card,334.809423,openrouter-jev,True,125,typesafe/jev-1.13,typesafe/jev-1.13-20260917,"Please, how do I order a card?",464.061106,False
openrouter-decisions,banking77-test-1055,0.53,balance_not_updated_after_cheque_or_cash_deposit,balance_not_updated_after_bank_transfer,437.347169,openrouter-jev,True,126,typesafe/jev-1.13,typesafe/jev-1.13-20260917,I have paid money into my account but it doesn't show.,572.119255,False
openrouter-decisions,banking77-test-1257,0.85,get_physical_card,change_pin,391.500822,openrouter-jev,True,127,typesafe/jev-1.13,typesafe/jev-1.13-20260917,About this card PIN?,510.009542,False
openrouter-decisions,banking77-test-0217,0.67,pending_cash_withdrawal,pending_cash_withdrawal,366.744687,openrouter-jev,True,128,typesafe/jev-1.13,typesafe/jev-1.13-20260917,how long til my cash out goes through?,476.982643,False
openrouter-decisions,banking77-test-0209,1.0,pending_cash_withdrawal,pending_cash_withdrawal,366.446426,openrouter-jev,True,129,typesafe/jev-1.13,typesafe/jev-1.13-20260917,Why is my withdrawal still pending?,473.708231,False
openrouter-decisions,banking77-test-1326,0.62,topping_up_by_card,receiving_money,341.44808,openrouter-jev,True,130,typesafe/jev-1.13,typesafe/jev-1.13-20260917,Can friends add to my account,458.894912,False
openrouter-decisions,banking77-test-2815,0.8,top_up_by_card_charge,top_up_by_card_charge,340.595353,openrouter-jev,True,131,typesafe/jev-1.13,typesafe/jev-1.13-20260917,How much is the charge to top up my card?,456.795597,False
openrouter-decisions,banking77-test-0604,0.79,top_up_by_bank_transfer_charge,top_up_by_card_charge,376.561654,openrouter-jev,True,132,typesafe/jev-1.13,typesafe/jev-1.13-20260917,If I make a top-up are there charges applied?,493.020379,False
openrouter-decisions,banking77-test-0780,1.0,wrong_amount_of_cash_received,wrong_amount_of_cash_received,354.754505,openrouter-jev,True,133,typesafe/jev-1.13,typesafe/jev-1.13-20260917,I tried to get $100 but I just got $20,466.295885,False
openrouter-decisions,banking77-test-2632,1.0,get_disposable_virtual_card,get_disposable_virtual_card,429.468698,openrouter-jev,True,134,typesafe/jev-1.13,typesafe/jev-1.13-20260917,Is there a disposable virtual card I can order?,545.133723,False
openrouter-decisions,banking77-test-1576,1.0,declined_cash_withdrawal,declined_cash_withdrawal,363.189505,openrouter-jev,True,135,typesafe/jev-1.13,typesafe/jev-1.13-20260917,The withdrawal was declined I am unsure as to why this happened?,482.074903,False
openrouter-decisions,banking77-test-0043,1.0,card_linking,card_linking,392.47282,openrouter-jev,True,136,typesafe/jev-1.13,typesafe/jev-1.13-20260917,Where do I link the new card?,525.354834,False
openrouter-decisions,banking77-test-3057,1.0,country_support,country_support,372.43892,openrouter-jev,True,137,typesafe/jev-1.13,typesafe/jev-1.13-20260917,Is my country supported,502.236985,False
openrouter-decisions,banking77-test-0820,1.0,card_payment_fee_charged,card_payment_fee_charged,562.333221,openrouter-jev,True,138,typesafe/jev-1.13,typesafe/jev-1.13-20260917,Why would I be charged a fee for card payment?,691.570198,False
openrouter-decisions,banking77-test-1544,0.99,passcode_forgotten,passcode_forgotten,377.067743,openrouter-jev,True,139,typesafe/jev-1.13,typesafe/jev-1.13-20260917,I need help resetting my passcode to access my app.,495.798612,False
openrouter-decisions,banking77-test-1667,0.96,lost_or_stolen_phone,lost_or_stolen_phone,317.310686,openrouter-jev,True,140,typesafe/jev-1.13,typesafe/jev-1.13-20260917,Can I still use the app if I switched phones?,439.48077,False
openrouter-decisions,banking77-test-1387,0.89,disposable_card_limits,disposable_card_limits,368.308679,openrouter-jev,True,141,typesafe/jev-1.13,typesafe/jev-1.13-20260917,Can you explain the virtual cards limit?,488.400964,False
openrouter-decisions,banking77-test-2848,1.0,activate_my_card,activate_my_card,348.786555,openrouter-jev,True,142,typesafe/jev-1.13,typesafe/jev-1.13-20260917,"I received my new card, how is it activated?",478.07384,False
openrouter-decisions,banking77-test-0960,0.83,getting_virtual_card,getting_virtual_card,414.27514,openrouter-jev,True,143,typesafe/jev-1.13,typesafe/jev-1.13-20260917,Can I have one of the virtual cards?,538.872053,False
openrouter-decisions,banking77-test-1773,0.92,Refund_not_showing_up,Refund_not_showing_up,356.575927,openrouter-jev,True,144,typesafe/jev-1.13,typesafe/jev-1.13-20260917,Still waiting on a refund.,480.478443,False
openrouter-decisions,banking77-test-0501,1.0,age_limit,age_limit,351.820021,openrouter-jev,True,145,typesafe/jev-1.13,typesafe/jev-1.13-20260917,Can my 19 year old daughter open a savings account at the bank?,480.526784,False
openrouter-decisions,banking77-test-1880,0.88,pending_transfer,transfer_timing,445.444992,openrouter-jev,True,146,typesafe/jev-1.13,typesafe/jev-1.13-20260917,How long does it take for a money transfer to show?,585.330288,False
openrouter-decisions,banking77-test-0764,0.68,wrong_amount_of_cash_received,wrong_amount_of_cash_received,364.20723,openrouter-jev,True,147,typesafe/jev-1.13,typesafe/jev-1.13-20260917,Why did I not get my cash back after I withdrew?,488.835336,False
openrouter-decisions,banking77-test-0270,0.9,fiat_currency_support,fiat_currency_support,339.431925,openrouter-jev,True,148,typesafe/jev-1.13,typesafe/jev-1.13-20260917,Can I exchange and hold all fiat currencies?,451.941214,False
openrouter-decisions,banking77-test-1287,0.95,visa_or_mastercard,visa_or_mastercard,359.84307,openrouter-jev,True,149,typesafe/jev-1.13,typesafe/jev-1.13-20260917,Are both Visa and Mastercard offered?,481.020434,False
openrouter-decisions,banking77-test-0460,1.0,lost_or_stolen_card,lost_or_stolen_card,343.176544,openrouter-jev,True,150,typesafe/jev-1.13,typesafe/jev-1.13-20260917,I need help with a lost card,458.825643,False
openrouter-decisions,banking77-test-1284,0.63,visa_or_mastercard,visa_or_mastercard,412.3436,openrouter-jev,True,151,typesafe/jev-1.13,typesafe/jev-1.13-20260917,Do you guys accept Visa or Mastercard?,521.924661,False
openrouter-decisions,banking77-test-2651,0.92,top_up_failed,verify_top_up,358.764743,openrouter-jev,True,152,typesafe/jev-1.13,typesafe/jev-1.13-20260917,How can I check to see if my top-up worked?,490.580576,False
openrouter-decisions,banking77-test-0005,0.97,card_arrival,card_arrival,394.091309,openrouter-jev,True,153,typesafe/jev-1.13,typesafe/jev-1.13-20260917,My card has not arrived yet.,503.378785,False
openrouter-decisions,banking77-test-2518,0.65,order_physical_card,get_physical_card,350.864766,openrouter-jev,True,154,typesafe/jev-1.13,typesafe/jev-1.13-20260917,What are the fees for a physical card?,474.013778,False
openrouter-decisions,banking77-test-2546,0.5,virtual_card_not_working,virtual_card_not_working,403.395473,openrouter-jev,True,155,typesafe/jev-1.13,typesafe/jev-1.13-20260917,My disposable card seems not to be working am I doing something wrong?,536.095509,False
openrouter-decisions,banking77-test-2953,1.0,card_about_to_expire,card_about_to_expire,340.729593,openrouter-jev,True,156,typesafe/jev-1.13,typesafe/jev-1.13-20260917,I need a new card since my old one is about to expire.,471.170088,False
openrouter-decisions,banking77-test-0755,1.0,top_up_limits,top_up_limits,359.36832,openrouter-jev,True,157,typesafe/jev-1.13,typesafe/jev-1.13-20260917,Is there a limit for top-ups?,490.346533,False
openrouter-decisions,banking77-test-1787,0.96,Refund_not_showing_up,Refund_not_showing_up,423.464014,openrouter-jev,True,158,typesafe/jev-1.13,typesafe/jev-1.13-20260917,I am missing a refund.,544.030767,False
openrouter-decisions,banking77-test-0880,0.44,transfer_not_received_by_recipient,receiving_money,413.84974,openrouter-jev,True,159,typesafe/jev-1.13,typesafe/jev-1.13-20260917,I transferred some money but the recipient is having trouble withdrawing.,543.346842,False
openrouter-decisions,banking77-test-2084,0.65,reverted_card_payment?,reverted_card_payment?,340.692393,openrouter-jev,True,160,typesafe/jev-1.13,typesafe/jev-1.13-20260917,My card payment was cancelled.,464.112977,False
openrouter-decisions,banking77-test-1913,1.0,terminate_account,terminate_account,331.3936,openrouter-jev,True,161,typesafe/jev-1.13,typesafe/jev-1.13-20260917,This company sucks! Can you delete my account?,456.95908,False
openrouter-decisions,banking77-test-0287,0.93,card_delivery_estimate,card_delivery_estimate,371.404818,openrouter-jev,True,162,typesafe/jev-1.13,typesafe/jev-1.13-20260917,How long will it take to deliver something to US?,491.357583,False
openrouter-decisions,banking77-test-0025,0.92,card_arrival,card_arrival,346.54543,openrouter-jev,True,163,typesafe/jev-1.13,typesafe/jev-1.13-20260917,"My card has not arrived yet, where is it?",468.373171,False
openrouter-decisions,banking77-test-1420,0.6,compromised_card,compromised_card,309.793876,openrouter-jev,True,164,typesafe/jev-1.13,typesafe/jev-1.13-20260917,"I see random purchases to my account, was it hacked?",436.176777,False
openrouter-decisions,banking77-test-0642,0.42,pending_top_up,pending_top_up,321.5104,openrouter-jev,True,165,typesafe/jev-1.13,typesafe/jev-1.13-20260917,My card was topped this morning but I can't see the funds. Why didn't it complete?,457.661589,False
openrouter-decisions,banking77-test-2695,0.89,balance_not_updated_after_bank_transfer,pending_transfer,367.934214,openrouter-jev,True,166,typesafe/jev-1.13,typesafe/jev-1.13-20260917,I made an out of country transfer and it hasn't went through yet.,505.337401,False
openrouter-decisions,banking77-test-2556,0.99,virtual_card_not_working,virtual_card_not_working,340.176188,openrouter-jev,True,167,typesafe/jev-1.13,typesafe/jev-1.13-20260917,Tell me why my virtual disposable card won't work.,449.009284,False
openrouter-decisions,banking77-test-2763,0.99,exchange_charge,exchange_charge,349.019631,openrouter-jev,True,168,typesafe/jev-1.13,typesafe/jev-1.13-20260917,What are your currency exchange fees?,476.667379,False
openrouter-decisions,banking77-test-2279,0.58,receiving_money,receiving_money,394.357065,openrouter-jev,True,169,typesafe/jev-1.13,typesafe/jev-1.13-20260917,Can I get paid in another currency?,524.415623,False
openrouter-decisions,banking77-test-2617,0.94,get_disposable_virtual_card,get_disposable_virtual_card,385.704737,openrouter-jev,True,170,typesafe/jev-1.13,typesafe/jev-1.13-20260917,Can you explain disposable cards?,507.097917,False
openrouter-decisions,banking77-test-2082,1.0,reverted_card_payment?,reverted_card_payment?,330.76574,openrouter-jev,True,171,typesafe/jev-1.13,typesafe/jev-1.13-20260917,My card payment was reverted.  Why?,438.707347,False
openrouter-decisions,banking77-test-1536,0.85,passcode_forgotten,passcode_forgotten,356.560461,openrouter-jev,True,172,typesafe/jev-1.13,typesafe/jev-1.13-20260917,Can I resent my passcode?,483.342577,False
openrouter-decisions,banking77-test-1090,0.44,card_payment_not_recognised,direct_debit_payment_not_recognised,421.200834,openrouter-jev,True,173,typesafe/jev-1.13,typesafe/jev-1.13-20260917,I don't recall making that payment?,541.984863,False
openrouter-decisions,banking77-test-2377,0.99,verify_top_up,verify_top_up,414.804954,openrouter-jev,True,174,typesafe/jev-1.13,typesafe/jev-1.13-20260917,Is it necessary to verify my top up?,532.076415,False
openrouter-decisions,banking77-test-2562,0.94,wrong_exchange_rate_for_cash_withdrawal,wrong_exchange_rate_for_cash_withdrawal,513.583473,openrouter-jev,True,175,typesafe/jev-1.13,typesafe/jev-1.13-20260917,I took out money from a transaction machine and it exchanged the wrong dollar value amount from another currency!,633.636947,False
openrouter-decisions,banking77-test-1618,1.0,pending_card_payment,pending_card_payment,447.019053,openrouter-jev,True,176,typesafe/jev-1.13,typesafe/jev-1.13-20260917,I would like to know why my purchases from this morning are still pending.,578.58311,False
openrouter-decisions,banking77-test-0400,0.89,card_not_working,card_not_working,326.913247,openrouter-jev,True,177,typesafe/jev-1.13,typesafe/jev-1.13-20260917,"Could it be that I deactivated my card, its not working?",436.771747,False
openrouter-decisions,banking77-test-0281,0.56,card_delivery_estimate,get_physical_card,393.710442,openrouter-jev,True,178,typesafe/jev-1.13,typesafe/jev-1.13-20260917,I need my card now!,534.306309,False
openrouter-decisions,banking77-test-3075,0.67,country_support,country_support,498.554736,openrouter-jev,True,179,typesafe/jev-1.13,typesafe/jev-1.13-20260917,"I'm not in the UK, can I get a card?",613.01052,False
openrouter-decisions,banking77-test-2598,0.97,wrong_exchange_rate_for_cash_withdrawal,cash_withdrawal_charge,316.269424,openrouter-jev,True,180,typesafe/jev-1.13,typesafe/jev-1.13-20260917,I used the ATM machine to get money out for Holiday shopping and saw the outrageous charges. Why is that? I would not have used the ATM if I had known!,447.47759,False
openrouter-decisions,banking77-test-1267,0.48,get_physical_card,change_pin,396.68518,openrouter-jev,True,181,typesafe/jev-1.13,typesafe/jev-1.13-20260917,I still don't have my pin.,514.879249,False
openrouter-decisions,banking77-test-1295,1.0,visa_or_mastercard,visa_or_mastercard,380.534916,openrouter-jev,True,182,typesafe/jev-1.13,typesafe/jev-1.13-20260917,I would prefer a visa card,495.36862,False
openrouter-decisions,banking77-test-1947,0.99,card_swallowed,card_swallowed,401.295946,openrouter-jev,True,183,typesafe/jev-1.13,typesafe/jev-1.13-20260917,Help!  The atm won't give me my card back.,517.178956,False
openrouter-decisions,banking77-test-2230,1.0,transfer_fee_charged,transfer_fee_charged,375.47082,openrouter-jev,True,184,typesafe/jev-1.13,typesafe/jev-1.13-20260917,Why was my transfer charged fees?,494.156071,False
openrouter-decisions,banking77-test-0927,0.91,getting_virtual_card,getting_virtual_card,345.300974,openrouter-jev,True,185,typesafe/jev-1.13,typesafe/jev-1.13-20260917,Can you tell me how to order a virtual card?,493.10394,False
openrouter-decisions,banking77-test-2918,0.73,cash_withdrawal_charge,wrong_amount_of_cash_received,314.839722,openrouter-jev,True,186,typesafe/jev-1.13,typesafe/jev-1.13-20260917,"When I got cash, I'm pretty sure there was a glitch that overcharged me.",439.56182,False
openrouter-decisions,banking77-test-1888,1.0,terminate_account,terminate_account,346.483807,openrouter-jev,True,187,typesafe/jev-1.13,typesafe/jev-1.13-20260917,I want to close my account,466.18123,False
openrouter-decisions,banking77-test-1101,0.5,card_payment_not_recognised,card_payment_not_recognised,389.2615,openrouter-jev,True,188,typesafe/jev-1.13,typesafe/jev-1.13-20260917,"Please put a freeze on my card,  I am worried there has been some payments on it and I don't know what for.",518.504796,False
openrouter-decisions,banking77-test-1503,1.0,direct_debit_payment_not_recognised,direct_debit_payment_not_recognised,339.526841,openrouter-jev,True,189,typesafe/jev-1.13,typesafe/jev-1.13-20260917,This Direct Debit payment may not be right.,459.860217,False
openrouter-decisions,banking77-test-2198,0.33,beneficiary_not_allowed,supported_cards_and_currencies,349.512832,openrouter-jev,True,190,typesafe/jev-1.13,typesafe/jev-1.13-20260917,"I want to buy cryptocurrency, but your app doesn't let me. Why?",476.966238,False
openrouter-decisions,banking77-test-1378,1.0,disposable_card_limits,disposable_card_limits,324.436484,openrouter-jev,True,191,typesafe/jev-1.13,typesafe/jev-1.13-20260917,How many disposable cards is the limit?,442.498654,False
openrouter-decisions,banking77-test-1430,0.84,compromised_card,compromised_card,422.371788,openrouter-jev,True,192,typesafe/jev-1.13,typesafe/jev-1.13-20260917,Someone else used my card!,544.822355,False
openrouter-decisions,banking77-test-1894,1.0,terminate_account,terminate_account,328.417496,openrouter-jev,True,193,typesafe/jev-1.13,typesafe/jev-1.13-20260917,This company is terrible! Can you delete my account?,451.384614,False
openrouter-decisions,banking77-test-2669,0.84,top_up_failed,top_up_failed,416.042969,openrouter-jev,True,194,typesafe/jev-1.13,typesafe/jev-1.13-20260917,What's the deal? My card was just denied for top up. Why is it not going through?,538.152992,False
openrouter-decisions,banking77-test-2616,1.0,get_disposable_virtual_card,get_disposable_virtual_card,320.820962,openrouter-jev,True,195,typesafe/jev-1.13,typesafe/jev-1.13-20260917,I want to get a disposable virtual card.,438.103773,False
openrouter-decisions,banking77-test-0675,1.0,pending_top_up,pending_top_up,377.918693,openrouter-jev,True,196,typesafe/jev-1.13,typesafe/jev-1.13-20260917,"Hi. I'm a new customer to your system and I think something isn't working right - or maybe it is. Maybe you can confirm. I tried to top up today (my first time ever) and it's been stuck at ""pending"" for over an hour now. Is it supposed to do this or is there something wrong in the system?",496.57847,False
openrouter-decisions,banking77-test-0364,0.98,card_not_working,card_not_working,328.814015,openrouter-jev,True,197,typesafe/jev-1.13,typesafe/jev-1.13-20260917,How do I know why my card isn't working?,453.228496,False
openrouter-decisions,banking77-test-1183,0.68,why_verify_identity,unable_to_verify_identity,421.295791,openrouter-jev,True,198,typesafe/jev-1.13,typesafe/jev-1.13-20260917,Can i make transactions before identity verification is complete?,546.186968,False
openrouter-decisions,banking77-test-1653,1.0,lost_or_stolen_phone,lost_or_stolen_phone,402.644969,openrouter-jev,True,199,typesafe/jev-1.13,typesafe/jev-1.13-20260917,My phone was stolen so I no longer have access to the app.,522.477853,False
openrouter-decisions,banking77-test-2912,1.0,cash_withdrawal_charge,cash_withdrawal_charge,402.59971,openrouter-jev,True,200,typesafe/jev-1.13,typesafe/jev-1.13-20260917,I have never been charged a fee for cash withdrawal before. When did that change?,519.692653,False
openrouter-decisions,banking77-test-1273,0.56,get_physical_card,change_pin,314.61452,openrouter-jev,True,201,typesafe/jev-1.13,typesafe/jev-1.13-20260917,Help me find my card pin!,432.577169,False
openrouter-decisions,banking77-test-1678,0.98,lost_or_stolen_phone,lost_or_stolen_phone,416.22555,openrouter-jev,True,202,typesafe/jev-1.13,typesafe/jev-1.13-20260917,How do I use the app if I don't have my phone with me?,546.817846,False
openrouter-decisions,banking77-test-2078,0.99,transfer_timing,transfer_timing,303.102243,openrouter-jev,True,203,typesafe/jev-1.13,typesafe/jev-1.13-20260917,There is an important thing from China that I need to transfer. Approximately how long will this take?,437.390126,False
openrouter-decisions,banking77-test-2097,0.91,reverted_card_payment?,declined_card_payment,320.123035,openrouter-jev,True,204,typesafe/jev-1.13,typesafe/jev-1.13-20260917,My credit card cancelled a payment for a purchase.,439.861339,False
openrouter-decisions,banking77-test-2707,0.49,balance_not_updated_after_bank_transfer,pending_transfer,330.292392,openrouter-jev,True,205,typesafe/jev-1.13,typesafe/jev-1.13-20260917,I have completed a transfer but it is not showing up.,450.716481,False
openrouter-decisions,banking77-test-1457,0.88,atm_support,atm_support,371.380464,openrouter-jev,True,206,typesafe/jev-1.13,typesafe/jev-1.13-20260917,From where can I withdraw?,507.190077,False
openrouter-decisions,banking77-test-0548,1.0,pin_blocked,pin_blocked,399.053997,openrouter-jev,True,207,typesafe/jev-1.13,typesafe/jev-1.13-20260917,"My pins seems to be blocked, can you unblock it please",517.435089,False
openrouter-decisions,banking77-test-2983,0.81,apple_pay_or_google_pay,apple_pay_or_google_pay,360.308467,openrouter-jev,True,208,typesafe/jev-1.13,typesafe/jev-1.13-20260917,Can I top up from my Apple Watch?,473.894076,False
openrouter-decisions,banking77-test-2415,0.98,getting_spare_card,getting_spare_card,366.290072,openrouter-jev,True,209,typesafe/jev-1.13,typesafe/jev-1.13-20260917,"Would I be able to get another card for my account, so I could give one to my daughter?",475.472226,False
openrouter-decisions,banking77-test-1029,0.99,top_up_reverted,top_up_reverted,289.31262,openrouter-jev,True,210,typesafe/jev-1.13,typesafe/jev-1.13-20260917,Was my top up reversed?,420.091154,False
openrouter-decisions,banking77-test-0806,1.0,card_payment_fee_charged,card_payment_fee_charged,300.782121,openrouter-jev,True,211,typesafe/jev-1.13,typesafe/jev-1.13-20260917,I used my card for a purchase and was charged a fee,405.079462,False
openrouter-decisions,banking77-test-2071,0.99,transfer_timing,transfer_timing,304.675753,openrouter-jev,True,212,typesafe/jev-1.13,typesafe/jev-1.13-20260917,What would the approximate delivery date be if I transferred something urgently to China?,431.755096,False
openrouter-decisions,banking77-test-0094,0.98,exchange_rate,exchange_rate,397.351632,openrouter-jev,True,213,typesafe/jev-1.13,typesafe/jev-1.13-20260917,Is it a good time to exchange?,529.770677,False
openrouter-decisions,banking77-test-2095,0.88,reverted_card_payment?,declined_card_payment,344.151752,openrouter-jev,True,214,typesafe/jev-1.13,typesafe/jev-1.13-20260917,why did the app refuse to make an approved payment,453.194422,False
openrouter-decisions,banking77-test-0594,1.0,contactless_not_working,contactless_not_working,382.776679,openrouter-jev,True,215,typesafe/jev-1.13,typesafe/jev-1.13-20260917,Help me with my contactless which isn't working.,495.831648,False
openrouter-decisions,banking77-test-0129,0.98,card_payment_wrong_exchange_rate,card_payment_wrong_exchange_rate,313.33974,openrouter-jev,True,216,typesafe/jev-1.13,typesafe/jev-1.13-20260917,I bought something in a foreign currency but the rate applied is wrong!,436.02419,False
openrouter-decisions,banking77-test-1995,1.0,transaction_charged_twice,transaction_charged_twice,352.045857,openrouter-jev,True,217,typesafe/jev-1.13,typesafe/jev-1.13-20260917,I have a transaction that shows several times,476.590382,False
openrouter-decisions,banking77-test-1979,1.0,transaction_charged_twice,transaction_charged_twice,361.219039,openrouter-jev,True,218,typesafe/jev-1.13,typesafe/jev-1.13-20260917,Why was I charged multiple times for the same thing?,489.664431,False
openrouter-decisions,banking77-test-2152,1.0,change_pin,change_pin,352.036673,openrouter-jev,True,219,typesafe/jev-1.13,typesafe/jev-1.13-20260917,Where can I find instructions to change my PIN?,459.899603,False
openrouter-decisions,banking77-test-0832,0.98,card_payment_fee_charged,card_payment_fee_charged,403.757633,openrouter-jev,True,220,typesafe/jev-1.13,typesafe/jev-1.13-20260917,Why was I charged an extra fee when using a card?,517.715635,False
openrouter-decisions,banking77-test-1754,0.93,declined_transfer,declined_transfer,331.392636,openrouter-jev,True,221,typesafe/jev-1.13,typesafe/jev-1.13-20260917,"Why would my transfer be declined? I've checked that I've put in all the right details, but it is still declined.",460.488361,False
openrouter-decisions,banking77-test-0561,0.93,contactless_not_working,contactless_not_working,338.742014,openrouter-jev,True,222,typesafe/jev-1.13,typesafe/jev-1.13-20260917,Are contactless payments enabled on my new card?,462.999161,False
openrouter-decisions,banking77-test-2887,0.99,cash_withdrawal_charge,cash_withdrawal_charge,339.449712,openrouter-jev,True,223,typesafe/jev-1.13,typesafe/jev-1.13-20260917,It looks like I was charged a withdrawal fee for going to my ATM. Why is that because I haven't been charged previously for doing so?,468.145784,False
openrouter-decisions,banking77-test-2705,0.35,balance_not_updated_after_bank_transfer,balance_not_updated_after_bank_transfer,343.979571,openrouter-jev,True,224,typesafe/jev-1.13,typesafe/jev-1.13-20260917,Why isn't the transfer on my account showing up?,426.205707,False
openrouter-decisions,banking77-test-1637,0.96,pending_card_payment,pending_card_payment,324.060966,openrouter-jev,True,225,typesafe/jev-1.13,typesafe/jev-1.13-20260917,What does a pending transaction mean?,440.874561,False
openrouter-decisions,banking77-test-0699,1.0,cancel_transfer,cancel_transfer,418.907602,openrouter-jev,True,226,typesafe/jev-1.13,typesafe/jev-1.13-20260917,I'd like to cancel a transfer,544.751249,False
openrouter-decisions,banking77-test-2522,0.99,virtual_card_not_working,virtual_card_not_working,359.380575,openrouter-jev,True,227,typesafe/jev-1.13,typesafe/jev-1.13-20260917,My disposable virtual card doesn't seem to work,469.911677,False
openrouter-decisions,banking77-test-1185,0.99,why_verify_identity,why_verify_identity,323.858183,openrouter-jev,True,228,typesafe/jev-1.13,typesafe/jev-1.13-20260917,Why do I have to give you all of my identification details?,437.92001,False
openrouter-decisions,banking77-test-2455,1.0,top_up_by_cash_or_cheque,top_up_by_cash_or_cheque,329.855041,openrouter-jev,True,229,typesafe/jev-1.13,typesafe/jev-1.13-20260917,Can I top up using a cheque?,458.701219,False
openrouter-decisions,banking77-test-0606,0.75,top_up_by_bank_transfer_charge,transfer_into_account,339.415613,openrouter-jev,True,230,typesafe/jev-1.13,typesafe/jev-1.13-20260917,Are SWIFT transfers accepted?,465.521577,False
openrouter-decisions,banking77-test-1867,0.95,pending_transfer,pending_card_payment,394.723983,openrouter-jev,True,231,typesafe/jev-1.13,typesafe/jev-1.13-20260917,"I would like to know why my payment is still pending, can you help?",513.062822,False
openrouter-decisions,banking77-test-1377,1.0,disposable_card_limits,disposable_card_limits,383.267647,openrouter-jev,True,232,typesafe/jev-1.13,typesafe/jev-1.13-20260917,What is the limit to number of transactions I can do with a disposable card?,518.38128,False
openrouter-decisions,banking77-test-0438,0.97,exchange_via_app,exchange_via_app,318.446527,openrouter-jev,True,233,typesafe/jev-1.13,typesafe/jev-1.13-20260917,Can I use this app to change dollars into euros?,432.255601,False
openrouter-decisions,banking77-test-2504,0.86,order_physical_card,get_physical_card,329.215269,openrouter-jev,True,234,typesafe/jev-1.13,typesafe/jev-1.13-20260917,can I have a non virtual card?,433.646511,False
openrouter-decisions,banking77-test-1552,0.96,passcode_forgotten,passcode_forgotten,499.852622,openrouter-jev,True,235,typesafe/jev-1.13,typesafe/jev-1.13-20260917,Can I reset my password?  I don't know what it is.,616.58014,False
openrouter-decisions,banking77-test-0171,0.98,extra_charge_on_statement,extra_charge_on_statement,300.531794,openrouter-jev,True,236,typesafe/jev-1.13,typesafe/jev-1.13-20260917,I can see an extra 1£ charge on my app. Why did you charge me extra?,424.08036,False
openrouter-decisions,banking77-test-1658,0.63,lost_or_stolen_phone,terminate_account,351.694145,openrouter-jev,True,237,typesafe/jev-1.13,typesafe/jev-1.13-20260917,my phone was taken! can you place cancel my account so no one uses it,437.729839,False
openrouter-decisions,banking77-test-2813,1.0,top_up_by_card_charge,top_up_by_card_charge,360.45069,openrouter-jev,True,238,typesafe/jev-1.13,typesafe/jev-1.13-20260917,Are there any fees if I use a European bank card for a top up?,463.846635,False
openrouter-decisions,banking77-test-2391,0.97,verify_top_up,verify_top_up,344.143171,openrouter-jev,True,239,typesafe/jev-1.13,typesafe/jev-1.13-20260917,I don't understand why it says I have to verify the top-up.,456.574526,False
openrouter-decisions,banking77-test-1795,1.0,Refund_not_showing_up,Refund_not_showing_up,513.857058,openrouter-jev,True,240,typesafe/jev-1.13,typesafe/jev-1.13-20260917,Why doesn't a return show up im my account from a purchase I made?,651.866233,False
openrouter-decisions,banking77-test-0687,0.97,cancel_transfer,cancel_transfer,331.055049,openrouter-jev,True,241,typesafe/jev-1.13,typesafe/jev-1.13-20260917,"I need to cancel my recent transfer immediately, I made a mistake there, please help quickly before it goes through",443.55316,False
openrouter-decisions,banking77-test-1712,0.43,request_refund,reverted_card_payment?,421.275612,openrouter-jev,True,242,typesafe/jev-1.13,typesafe/jev-1.13-20260917,I want to reverse a purchase. Can I cancel it?,554.380079,False
openrouter-decisions,banking77-test-0538,1.0,pin_blocked,card_swallowed,403.991967,openrouter-jev,True,243,typesafe/jev-1.13,typesafe/jev-1.13-20260917,"I attempted to use my card while I was intoxicated, and I failed to input my PIN, and the machine kept my card. How soon can I have it back?",510.266598,False
openrouter-decisions,banking77-test-0917,0.99,supported_cards_and_currencies,topping_up_by_card,385.682266,openrouter-jev,True,244,typesafe/jev-1.13,typesafe/jev-1.13-20260917,How can I use American Express to add funds to my account?,501.225665,False
openrouter-decisions,banking77-test-0951,0.96,getting_virtual_card,getting_virtual_card,390.877496,openrouter-jev,True,245,typesafe/jev-1.13,typesafe/jev-1.13-20260917,Please help me get a virtual card.,517.109499,False
openrouter-decisions,banking77-test-0431,0.99,exchange_via_app,exchange_via_app,314.801924,openrouter-jev,True,246,typesafe/jev-1.13,typesafe/jev-1.13-20260917,Can this app help me exchange currencies?,448.443473,False
openrouter-decisions,banking77-test-0946,0.79,getting_virtual_card,getting_virtual_card,327.742648,openrouter-jev,True,247,typesafe/jev-1.13,typesafe/jev-1.13-20260917,Can I get a copy of the card by email?,438.914359,False
openrouter-decisions,banking77-test-2129,1.0,change_pin,change_pin,361.275884,openrouter-jev,True,248,typesafe/jev-1.13,typesafe/jev-1.13-20260917,I want to set a new PIN,490.500794,False
openrouter-decisions,banking77-test-1626,0.74,pending_card_payment,pending_card_payment,427.502067,openrouter-jev,True,249,typesafe/jev-1.13,typesafe/jev-1.13-20260917,My payment still hasn't processed!,519.475588,False
openrouter-decisions,banking77-test-2942,0.99,card_about_to_expire,card_about_to_expire,345.054614,openrouter-jev,True,250,typesafe/jev-1.13,typesafe/jev-1.13-20260917,Will I need to order a new card since mine expires next month?,464.974055,False
openrouter-decisions,banking77-test-3034,0.67,verify_my_identity,verify_my_identity,333.208527,openrouter-jev,True,251,typesafe/jev-1.13,typesafe/jev-1.13-20260917,Do I need any kind of documentation for the identity check?,460.183583,False
openrouter-decisions,banking77-test-0973,0.99,card_acceptance,card_acceptance,638.084535,openrouter-jev,True,252,typesafe/jev-1.13,typesafe/jev-1.13-20260917,What places can I use my card?,762.875922,False
openrouter-decisions,banking77-test-0252,0.7,fiat_currency_support,fiat_currency_support,489.602856,openrouter-jev,True,253,typesafe/jev-1.13,typesafe/jev-1.13-20260917,Is it permissible to hold money in multiple currencies?,589.425753,False
openrouter-decisions,banking77-test-2219,0.97,transfer_fee_charged,transfer_fee_charged,331.892483,openrouter-jev,True,254,typesafe/jev-1.13,typesafe/jev-1.13-20260917,Is there a transfer fee?,428.46674,False
openrouter-decisions,banking77-test-2944,0.98,card_about_to_expire,card_about_to_expire,538.922323,openrouter-jev,True,255,typesafe/jev-1.13,typesafe/jev-1.13-20260917,Do you have to order a new card before your current card expires?,623.105606,False
openrouter-decisions,banking77-test-2649,1.0,top_up_failed,top_up_failed,463.423636,openrouter-jev,True,256,typesafe/jev-1.13,typesafe/jev-1.13-20260917,What reason did my top-up fail for?,607.745664,False
openrouter-decisions,banking77-test-1501,1.0,direct_debit_payment_not_recognised,direct_debit_payment_not_recognised,378.644675,openrouter-jev,True,257,typesafe/jev-1.13,typesafe/jev-1.13-20260917,I found a charge for a direct debit that was not made by me.,492.909378,False
openrouter-decisions,banking77-test-1174,0.98,why_verify_identity,why_verify_identity,378.128472,openrouter-jev,True,258,typesafe/jev-1.13,typesafe/jev-1.13-20260917,Why do you need so much information to verify my identity?,496.655477,False
openrouter-decisions,banking77-test-0237,0.41,pending_cash_withdrawal,declined_cash_withdrawal,383.826993,openrouter-jev,True,259,typesafe/jev-1.13,typesafe/jev-1.13-20260917,My account was charged for a withdraw I tried to make that was decline.,493.404376,False
openrouter-decisions,banking77-test-0346,0.99,automatic_top_up,transfer_timing,337.952883,openrouter-jev,True,260,typesafe/jev-1.13,typesafe/jev-1.13-20260917,Can I space out how often money is transferred along my travels?,460.906966,False
openrouter-decisions,banking77-test-0982,0.87,card_acceptance,card_acceptance,433.950127,openrouter-jev,True,261,typesafe/jev-1.13,typesafe/jev-1.13-20260917,Is there any place I cannot use my card?,558.419454,False
openrouter-decisions,banking77-test-1863,0.81,pending_transfer,transfer_timing,351.208186,openrouter-jev,True,262,typesafe/jev-1.13,typesafe/jev-1.13-20260917,When will my transfer go through?,487.647067,False
openrouter-decisions,banking77-test-1508,1.0,direct_debit_payment_not_recognised,direct_debit_payment_not_recognised,398.904079,openrouter-jev,True,263,typesafe/jev-1.13,typesafe/jev-1.13-20260917,I have a direct debit charge that I do not recognize,525.232729,False
openrouter-decisions,banking77-test-0427,0.31,exchange_via_app,exchange_via_app,387.317887,openrouter-jev,True,264,typesafe/jev-1.13,typesafe/jev-1.13-20260917,Can am I able to exchange currencies?,502.43894,False
openrouter-decisions,banking77-test-1944,0.91,card_swallowed,card_swallowed,305.277874,openrouter-jev,True,265,typesafe/jev-1.13,typesafe/jev-1.13-20260917,I have a problem!  The ATM stole my card!,409.914122,False
openrouter-decisions,banking77-test-0619,0.81,top_up_by_bank_transfer_charge,top_up_by_card_charge,343.73293,openrouter-jev,True,266,typesafe/jev-1.13,typesafe/jev-1.13-20260917,What are the fees for top-ups?,455.810144,False
openrouter-decisions,banking77-test-2350,0.86,transfer_into_account,transfer_into_account,339.503942,openrouter-jev,True,267,typesafe/jev-1.13,typesafe/jev-1.13-20260917,Are there ways to transfer money into my account?,463.518516,False
openrouter-decisions,banking77-test-0221,1.0,pending_cash_withdrawal,pending_cash_withdrawal,339.54086,openrouter-jev,True,268,typesafe/jev-1.13,typesafe/jev-1.13-20260917,Why do I have a pending cash withdrawal?,465.435202,False
openrouter-decisions,banking77-test-1338,0.97,topping_up_by_card,pending_top_up,344.988837,openrouter-jev,True,269,typesafe/jev-1.13,typesafe/jev-1.13-20260917,"I did a top-up, but I'm not seeing it in my wallet yet.",473.561141,False
openrouter-decisions,banking77-test-1768,0.81,Refund_not_showing_up,request_refund,315.955048,openrouter-jev,True,270,typesafe/jev-1.13,typesafe/jev-1.13-20260917,How long does it take for a refund?,438.400532,False
openrouter-decisions,banking77-test-1807,1.0,declined_card_payment,declined_card_payment,336.605224,openrouter-jev,True,271,typesafe/jev-1.13,typesafe/jev-1.13-20260917,Why did it decline my payment?,456.996332,False
openrouter-decisions,banking77-test-0491,1.0,age_limit,age_limit,352.267973,openrouter-jev,True,272,typesafe/jev-1.13,typesafe/jev-1.13-20260917,What is the minimum age to open an account?,436.54978,False
openrouter-decisions,banking77-test-1945,1.0,card_swallowed,card_swallowed,393.313079,openrouter-jev,True,273,typesafe/jev-1.13,typesafe/jev-1.13-20260917,Why would an ATM swallow my card?,483.656138,False
openrouter-decisions,banking77-test-2955,0.98,card_about_to_expire,card_about_to_expire,438.8783,openrouter-jev,True,274,typesafe/jev-1.13,typesafe/jev-1.13-20260917,"My card is expiring shortly.  How much will it cost for a replacement, and how soon can I get it?",548.690579,False
openrouter-decisions,banking77-test-3023,0.97,verify_my_identity,verify_my_identity,352.603294,openrouter-jev,True,275,typesafe/jev-1.13,typesafe/jev-1.13-20260917,What steps do I take to verify my identity?,481.946331,False
openrouter-decisions,banking77-test-1743,0.98,declined_transfer,declined_transfer,387.117618,openrouter-jev,True,276,typesafe/jev-1.13,typesafe/jev-1.13-20260917,Why was the transfer declined?,505.514022,False
openrouter-decisions,banking77-test-1102,0.49,card_payment_not_recognised,extra_charge_on_statement,317.145647,openrouter-jev,True,277,typesafe/jev-1.13,typesafe/jev-1.13-20260917,I think my statement has a fraudulent charge,434.960801,False
openrouter-decisions,banking77-test-0793,1.0,wrong_amount_of_cash_received,wrong_amount_of_cash_received,360.428327,openrouter-jev,True,278,typesafe/jev-1.13,typesafe/jev-1.13-20260917,I didn't receive all the cash I asked for,452.233906,False
openrouter-decisions,banking77-test-2843,1.0,activate_my_card,activate_my_card,983.410461,openrouter-jev,True,279,typesafe/jev-1.13,typesafe/jev-1.13-20260917,What do I need to do to activate my new card?,1083.044756,False
openrouter-decisions,banking77-test-1753,0.8,declined_transfer,failed_transfer,393.137405,openrouter-jev,True,280,typesafe/jev-1.13,typesafe/jev-1.13-20260917,I can't transfer money from my account.,520.712351,False
openrouter-decisions,banking77-test-2989,0.9,apple_pay_or_google_pay,top_up_failed,390.704985,openrouter-jev,True,281,typesafe/jev-1.13,typesafe/jev-1.13-20260917,I got my American Express in Apple Bay but top up is not working,517.914891,False
openrouter-decisions,banking77-test-0807,0.67,card_payment_fee_charged,card_payment_fee_charged,301.947848,openrouter-jev,True,282,typesafe/jev-1.13,typesafe/jev-1.13-20260917,Why was I charged for card payment?,429.957968,False
openrouter-decisions,banking77-test-0034,0.78,card_arrival,card_arrival,311.007212,openrouter-jev,True,283,typesafe/jev-1.13,typesafe/jev-1.13-20260917,I'm still waiting on my card to be delivered.,408.819738,False
openrouter-decisions,banking77-test-1422,0.52,compromised_card,lost_or_stolen_card,347.796909,openrouter-jev,True,284,typesafe/jev-1.13,typesafe/jev-1.13-20260917,How do I freeze my card using the app?,431.283071,False
openrouter-decisions,banking77-test-2309,0.98,failed_transfer,failed_transfer,365.121117,openrouter-jev,True,285,typesafe/jev-1.13,typesafe/jev-1.13-20260917,"I can not seem to make a successful transfer, can you tell me what I'm doing wrong?",484.489655,False
openrouter-decisions,banking77-test-1125,1.0,edit_personal_details,edit_personal_details,336.978058,openrouter-jev,True,286,typesafe/jev-1.13,typesafe/jev-1.13-20260917,"got married, need to change account name",472.248441,False
openrouter-decisions,banking77-test-2149,0.99,change_pin,change_pin,442.766087,openrouter-jev,True,287,typesafe/jev-1.13,typesafe/jev-1.13-20260917,Help me set up a new PIN?,559.990937,False
openrouter-decisions,banking77-test-3012,0.94,verify_my_identity,verify_my_identity,342.545296,openrouter-jev,True,288,typesafe/jev-1.13,typesafe/jev-1.13-20260917,What do I need to verify my identity,485.115961,False
openrouter-decisions,banking77-test-1016,1.0,top_up_reverted,top_up_reverted,323.981485,openrouter-jev,True,289,typesafe/jev-1.13,typesafe/jev-1.13-20260917,The application reverted my top-up.,447.283174,False
openrouter-decisions,banking77-test-2861,1.0,activate_my_card,activate_my_card,346.784387,openrouter-jev,True,290,typesafe/jev-1.13,typesafe/jev-1.13-20260917,I have a new card and I want to activate it,474.870938,False
openrouter-decisions,banking77-test-0123,1.0,card_payment_wrong_exchange_rate,card_payment_wrong_exchange_rate,332.004644,openrouter-jev,True,291,typesafe/jev-1.13,typesafe/jev-1.13-20260917,the card payment exchange rate is wrong,442.366626,False
openrouter-decisions,banking77-test-2587,1.0,wrong_exchange_rate_for_cash_withdrawal,wrong_exchange_rate_for_cash_withdrawal,337.518016,openrouter-jev,True,292,typesafe/jev-1.13,typesafe/jev-1.13-20260917,My cash withdrawal charged me the wrong exchange rate,456.550942,False
openrouter-decisions,banking77-test-1186,1.0,why_verify_identity,why_verify_identity,322.032327,openrouter-jev,True,293,typesafe/jev-1.13,typesafe/jev-1.13-20260917,Why do you require so many identity details?,436.968841,False
openrouter-decisions,banking77-test-1108,0.7,card_payment_not_recognised,card_payment_not_recognised,336.407618,openrouter-jev,True,294,typesafe/jev-1.13,typesafe/jev-1.13-20260917,I have an unauthorized transaction on my statement,456.454756,False
openrouter-decisions,banking77-test-0478,0.93,lost_or_stolen_card,lost_or_stolen_card,371.520091,openrouter-jev,True,295,typesafe/jev-1.13,typesafe/jev-1.13-20260917,Are you able to locate my card?,495.055084,False
openrouter-decisions,banking77-test-0142,0.5,card_payment_wrong_exchange_rate,card_payment_wrong_exchange_rate,469.960702,openrouter-jev,True,296,typesafe/jev-1.13,typesafe/jev-1.13-20260917,"When I made a purchase last Saturday, I was charged extra. Did I receive the right exchange rate?",624.31084,False
openrouter-decisions,banking77-test-0162,0.91,extra_charge_on_statement,extra_charge_on_statement,468.856804,openrouter-jev,True,297,typesafe/jev-1.13,typesafe/jev-1.13-20260917,Why is there a fee for an extra pound in my statement?,629.958507,False
openrouter-decisions,banking77-test-2176,0.51,beneficiary_not_allowed,transfer_into_account,351.939888,openrouter-jev,True,298,typesafe/jev-1.13,typesafe/jev-1.13-20260917,Can I transfer money to a beneficiery?,466.065909,False
openrouter-decisions,banking77-test-0442,0.99,lost_or_stolen_card,lost_or_stolen_card,324.538449,openrouter-jev,True,299,typesafe/jev-1.13,typesafe/jev-1.13-20260917,I can't find my card and think it may have been stolen.,439.831773,False
openrouter-decisions,banking77-test-2784,0.99,exchange_charge,exchange_charge,336.947177,openrouter-jev,True,300,typesafe/jev-1.13,typesafe/jev-1.13-20260917,What is the exchange fee?,458.411845,False
openrouter-decisions,banking77-test-0531,0.98,pin_blocked,pin_blocked,320.11564,openrouter-jev,True,301,typesafe/jev-1.13,typesafe/jev-1.13-20260917,How many tries do I have to enter my pin before I'm blocked?,400.374995,False
openrouter-decisions,banking77-test-0714,0.22,cancel_transfer,failed_transfer,384.262851,openrouter-jev,True,302,typesafe/jev-1.13,typesafe/jev-1.13-20260917,I made an error in payment yesterday and I need it fixed asap because it's for my rent tomorrow.,485.1948,False
openrouter-decisions,banking77-test-1148,1.0,edit_personal_details,edit_personal_details,332.171262,openrouter-jev,True,303,typesafe/jev-1.13,typesafe/jev-1.13-20260917,how do i change name?,440.135589,False
openrouter-decisions,banking77-test-1258,0.91,get_physical_card,card_arrival,364.420444,openrouter-jev,True,304,typesafe/jev-1.13,typesafe/jev-1.13-20260917,I received my card but not my PIN.,478.83608,False
openrouter-decisions,banking77-test-1411,0.59,compromised_card,card_payment_not_recognised,357.545408,openrouter-jev,True,305,typesafe/jev-1.13,typesafe/jev-1.13-20260917,What do I do to stop unauthorized transactions on my card? I was never in the place from which the transactions on my bill were made and I never made them. Please help!,476.483238,False
openrouter-decisions,banking77-test-0122,0.91,card_payment_wrong_exchange_rate,exchange_charge,360.156157,openrouter-jev,True,306,typesafe/jev-1.13,typesafe/jev-1.13-20260917,I made a currency exchange and think I was charged more than I should of been.,467.275982,False
openrouter-decisions,banking77-test-0587,0.34,contactless_not_working,card_payment_fee_charged,336.796946,openrouter-jev,True,307,typesafe/jev-1.13,typesafe/jev-1.13-20260917,what is the charges for new card?,449.938784,False
